n_eval,rep0,rep1,rep2,rep3,rep4,rep5,rep6,rep7,rep8,rep9,rep10,rep11,rep12,rep13,rep14,rep15,rep16,rep17,rep18,rep19,rep20,rep21,rep22,rep23,rep24,rep25,rep26,rep27,rep28,rep29
6000.0,-0.17994286113490213,-0.18785993011703533,-0.48970025301611286,-0.15667530597674473,0.013031756854425178,-0.3272030242305591,-0.2857346548843592,-0.32749468298861606,-0.09082149738842449,-0.14318108994284737,-0.3118343862493869,-0.8176565884436642,-0.18880988495115922,-0.03773508527552543,-0.18850236527334724,0.013352465183140472,-0.5377773649259836,-0.14273134971044038,-0.3285261571755492,-0.1374895251203845,-0.08297965291781442,-0.28324583378929125,-0.050869449599064614,-0.11104540343019727,-0.03183358448800974,-0.33371955511652746,-0.11923775773147008,-0.7045383746945396,-0.20987144629000246,-0.03634129036727397
12000.0,-0.2991234491366763,-0.31354159945613147,-0.37137811678614274,-0.05784230820526644,-0.3597453090852134,-0.20792542974235673,-0.13323223021539354,-0.16805469314212448,-0.08454017217073874,-0.26189704959608984,-0.2974017099278749,-0.3209517346625661,0.007151134383651387,-0.13653024804253394,0.07180405604956133,-0.1754504532940056,-0.2943639247640798,-0.18253963554712904,-0.11176053860922615,-0.4199271605966633,0.017687790852733164,-0.4382793551389074,-0.44536160857707613,-0.008101042421168445,-0.19520153667766516,-0.22053813813990078,-0.05768688974706117,-0.8169706117308094,-0.39622807648137054,-0.24476262587991254
18000.0,-0.6133163216470917,-0.4567066560789907,-0.5294142765976743,-0.47731938134084084,-0.4854266531179128,-0.8018576969758429,-0.33643736812525715,-0.35504729683059477,-0.39184871169972385,-0.5842663609788803,-0.6284023748402866,-0.36377193152267195,-0.5980370922732697,-0.5467724145483233,-0.7350598910902171,-0.35859610447614415,-0.3393006623650505,-0.7768891660355945,-0.6352891279452972,-0.37738367970794706,-0.3374912818413302,-0.43037118625154974,-0.35695995179556717,-0.4858717898829515,-0.6141318502324524,-0.5167711293552025,-0.5889453109614334,-0.5372858922493848,-0.7333765655538599,-0.6831448190935969
24000.0,-0.7002062016575928,-1.1983593311486822,-0.7837263486474683,-0.6730427092263689,-0.8620648084746839,-0.7325734207537002,-0.5225800948915934,-0.6608769938932196,-0.9206965832164855,-0.5405680485359265,-0.5783955446738257,-0.7314606639542118,-0.8470985217303844,-0.7444710428480829,-0.9610105805555248,-0.6823305118044005,-0.7234407028984299,-0.8614110923301714,-0.8458227875830636,-0.6932504894389857,-1.097646077601781,-0.6701840425489046,-0.8423525423426393,-0.8104094387746109,-1.0140188148081344,-0.9784548858729826,-0.8618873644427197,-0.8621834669525913,-0.9084605759933323,-0.6086534165971542
30000.0,-0.8225986100826297,-1.0107916698405979,-0.7203967926105654,-0.8132332334907123,-0.9385187915487171,-1.0044268308839504,-0.9325620300273231,-1.0266984669498673,-1.1043193479820688,-1.1745621016916459,-0.996558002846554,-0.8770505083451904,-1.085964070472926,-1.096680869435136,-0.8321418054961411,-0.9319843760669737,-1.0251721473346742,-0.811006387312304,-0.9834379405675197,-1.1002805638428723,-0.9362236652298818,-1.0713365342453147,-1.0232632825399997,-0.8074362310727815,-0.8805309753153114,-1.0403024226572335,-1.092392360149273,-0.9943957358649202,-0.8827020660172344,-0.8760325433541168
36000.0,-1.234173681057186,-0.9052795318614569,-0.923167077025756,-1.1499843580776006,-1.0099808919789528,-0.935338982195877,-0.9605002251707486,-1.159492481904109,-1.1560339717638404,-0.8701265739216283,-0.9829603212155373,-1.1813295186254265,-1.2553167427117637,-1.2832549720196935,-1.1381628912087847,-1.173395731875036,-0.899211027065546,-1.2407230361844441,-1.4735584308932752,-1.034399021670777,-0.675252721831964,-1.2308939614087062,-1.2184173684288904,-0.9079934405828048,-1.0167409344470224,-0.9569448672594436,-1.0923852276441612,-0.8442403257781247,-1.0501948930239122,-0.9434795581962275
42000.0,-0.9601103788187458,-1.375743038617738,-1.2649343110988673,-1.0635736897546748,-1.0900701243215987,-1.1936430211618871,-1.1588213541459427,-1.5433849462895026,-1.1904736161320122,-1.2766307127197918,-1.0774711477649763,-1.4004882495152766,-1.3055127423487998,-1.5931296711712923,-1.1486617790093772,-1.5902294939462887,-1.2849597693795392,-1.4070963570617332,-1.1279270155348387,-1.1368986162514567,-0.9630305784860481,-1.1991303465380136,-1.2245388960106538,-1.235697206960787,-1.166618233250309,-1.0183444742932826,-1.3958118336757206,-1.1772160787411652,-1.362848860843473,-0.9695845840312475
48000.0,-1.4656682808248611,-1.328345875880541,-1.3954148984761288,-1.2290869135072526,-1.2506288906706204,-1.215239047355957,-1.253211915831642,-1.36339351430201,-1.5383432673721815,-1.207787456042916,-1.2843843777616046,-1.4728135388745252,-1.3003667238912773,-1.532003571367833,-1.4225467667528637,-1.3084707923609442,-1.2396124738829095,-1.3376313415599264,-1.3199652930641173,-1.458836238742832,-1.3427044572959768,-1.5770670132512663,-1.181195782658951,-1.3751260383677493,-1.1599622874572926,-1.0089863994217223,-1.277845135745712,-1.1387461319584933,-1.2763864219061538,-1.2253958938578355
54000.0,-1.762374390384491,-1.3212296539066493,-1.3501347529277825,-1.3815355862839214,-1.3602985813697812,-1.263091766417539,-1.4775124558708537,-1.8535511307904484,-1.3772461294129106,-1.2238802960194366,-1.535340654028666,-1.4500567297977045,-1.1925491085365993,-1.4655860322547896,-1.4392349022263962,-1.199801016328163,-1.4000793793006718,-1.6235335892541025,-1.3003707019862696,-1.397048521059213,-1.6068141640476519,-1.504631525889915,-1.112095799467177,-1.3991630610002452,-1.3876980064259667,-1.2376373330467025,-1.5791502915386992,-1.51000441815275,-1.4647572418245673,-1.5699039773104093
60000.0,-1.4338914958469455,-1.6977535950231102,-1.3875815180990265,-1.3063430298752543,-1.6072319364884742,-1.936429589651181,-1.6425381544041544,-1.4385321991684497,-1.5744561128231893,-1.377764379779641,-1.3997904618718373,-1.5165856565278517,-1.5820808270352842,-1.408406985554415,-1.5934859899558398,-1.5674048959559592,-1.3489114577620371,-1.511021000187539,-1.7818497382868126,-1.4672105760475922,-1.6294125529560113,-1.8613195713449329,-1.599644627570121,-1.6997081573261148,-1.6103841739324745,-1.4572409551787087,-1.4094492032780672,-1.6976280223937008,-1.327005492886096,-1.7072212108739333
