n_eval,rep0,rep1,rep2,rep3,rep4,rep5,rep6,rep7,rep8,rep9,rep10,rep11,rep12,rep13,rep14,rep15,rep16,rep17,rep18,rep19,rep20,rep21,rep22,rep23,rep24,rep25,rep26,rep27,rep28,rep29,rep30,rep31,rep32,rep33,rep34,rep35,rep36,rep37,rep38,rep39,rep40,rep41,rep42,rep43,rep44,rep45,rep46,rep47,rep48,rep49
2000.0,-0.033682046753252017,-0.09528010156001145,-0.01666852596953375,0.08677311181599243,-0.010723159424674203,-0.042706332814019254,-0.05951552178461385,0.0617985070291891,-0.0784940318449439,-0.03798207452054383,0.0396408552410978,-0.036882243493108244,-0.027680725220565933,0.08678028470025377,-0.011496078098007885,-0.10611010435914853,0.03885727350906264,0.0630179262627183,-0.12492375707997283,-0.06877639510058381,-0.02010395490789078,0.036364229407540305,-0.09883262980622291,-0.21024048631710182,0.06979119542003803,0.022424658938588346,-0.05947983432676582,-0.050886220413904004,0.06385411397941883,-0.015267072779653746,-0.027484763994629395,-0.024807915786373196,-0.006539204177128828,0.03815562316083715,0.008588624176075105,-0.02486578716451593,0.0142325877156818,-0.005840526949540893,0.10242038357959227,-0.08541932258990334,-0.09579917053040325,0.0004796524547638997,-0.00058812175783944,-0.03468999131647716,0.017845189790306117,-0.010437529899438615,-0.1677934276642622,-0.07287507874654305,-0.03024620131967195,0.09835512448080341
8000.0,-3.1054464122689645,-3.139231256485165,-1.9723455858362635,-2.5512891503139077,-2.553914842659363,-2.668586141875532,-2.6503979955559127,-3.1324066768340315,-2.5443861616779166,-2.805986767225028,-3.183725082259968,-3.434260519850009,-3.1121028093019434,-2.882075555976583,-2.710541786947903,-2.6893681677060197,-3.035089170368919,-2.2973847262331595,-2.703778783315923,-2.83720597811922,-2.9679543190344297,-2.8383128003356184,-2.793993658671412,-3.1117104191444285,-2.658477504066093,-2.8312021795209814,-3.0573091922925224,-3.038023773518994,-2.6383331725033514,-2.149727654873654,-2.915725281133603,-3.2347210504679023,-2.5171591755756886,-2.928631267118119,-2.3783350032925292,-3.437063267657085,-2.323759819251346,-2.6716480663792925,-2.8219701753080026,-3.135635358054836,-3.0342977995832667,-3.138585298938874,-2.9688934606980033,-2.3527733188781785,-2.7682179319022175,-2.9989844375584562,-2.916478951220812,-2.9452684387677226,-2.677372195905294,-2.8691600365979393
14000.0,-4.238415807195485,-4.287806059799468,-3.601869289273633,-3.4997604010375243,-3.249806712050529,-4.0236744269552425,-3.869911266801547,-3.9655485986373766,-3.7650533111457047,-3.9670954798914404,-3.8879355262445214,-4.349316794590811,-4.002551712924037,-3.8962884924647954,-3.9573625848475062,-3.7520630302134768,-4.129199092013613,-3.8382959645132906,-3.8273799255431475,-4.173163958122828,-4.108711163707937,-3.965778530907966,-3.8506596538264186,-4.13201658699487,-4.081358796713927,-3.7499487231712,-4.092895163506464,-4.0655361184558325,-3.79552390228092,-3.073859981195641,-4.044153589512165,-4.05418782384479,-4.025861745963687,-4.205114535108381,-4.01321349475393,-4.32504691286412,-2.9879244563502607,-3.8265032546985416,-4.0713986888388405,-4.116658168081113,-3.9843047034714614,-4.030112085513971,-4.003345009154682,-3.0080616209428443,-3.794134076960266,-4.176788800374845,-3.9424036205031765,-4.0072090756271015,-4.050586886987435,-4.054264870854599
20000.0,-4.718882832170206,-4.721464557531728,-4.124923763085636,-3.9095575787037466,-3.689317318716329,-4.483235227069298,-4.482489650599535,-4.440435448277165,-4.181536430579408,-4.445589641681407,-4.386887463360345,-4.672744893588521,-4.423674573780176,-4.355186271043106,-4.4029522048903615,-4.284973167731593,-4.559168150029331,-4.295554641720228,-4.269396671061437,-4.574547306101736,-4.529737476771948,-4.430894919488513,-4.398158049197396,-4.5636367657697665,-4.6150771946686495,-4.4071439751967745,-4.549520326880143,-4.577823457736645,-4.400264856634597,-3.4655685893277264,-4.424669686732593,-4.401938504936692,-4.502992944291408,-4.536336789475331,-4.523226453117709,-4.689045435879557,-3.313401860605535,-4.378634431856611,-4.452947866398322,-4.5360699867126675,-4.443833005179892,-4.392075832522211,-4.499631278403652,-3.3687451664547114,-4.3921299752775145,-4.547744366303726,-4.345463184293159,-4.3620682482974145,-4.370611836904084,-4.509159772909167
26000.0,-4.906512083820034,-4.923471638872216,-4.388715806810655,-4.159118626377479,-4.001904199995985,-4.636502593272552,-4.755166230715786,-4.665435090583842,-4.5208327749293,-4.813253299054035,-4.722591862084649,-4.978524631315305,-4.73026549274392,-4.620523165728741,-4.5890493673434065,-4.546400206809348,-4.82548575099144,-4.560177538873235,-4.582453217906436,-4.781090486732911,-4.744119413592075,-4.642703713959263,-4.590133629711226,-4.8518949627911905,-4.816108861518666,-4.6110294302748605,-4.775381490889012,-4.845516933157018,-4.6509392523822575,-3.8020872259896006,-4.651250570897776,-4.586263102709841,-4.73688135254822,-4.7014108582675345,-4.835637053116436,-4.874044461306313,-3.5959818834472186,-4.706693087857504,-4.726361016166018,-4.850903682134822,-4.710878809202946,-4.755759765784885,-4.807212799894619,-3.599000683160337,-4.633584965929885,-4.74780842451279,-4.598379571359822,-4.707101306077024,-4.687697755317003,-4.73461872024257
32000.0,-5.09443613061332,-5.088818918226288,-4.6995716374006475,-4.34830625282717,-4.187775765234256,-4.857225798588329,-4.9069511390010945,-4.8763198120411,-4.67593433270836,-4.9476193249591365,-4.953933816417485,-5.13516427861113,-4.8598362600292875,-4.811649990459436,-4.783090251176133,-4.777911767751503,-4.984403694675665,-4.750966623794807,-4.707456952900447,-4.895679090559648,-5.000974266096557,-4.839543732860463,-4.8076235162485705,-5.0514119546270475,-4.940630539097917,-4.6457707685671785,-4.940382143815598,-5.030408664030574,-4.824928154564978,-4.042036324051653,-4.89514506788803,-4.825994969352314,-4.949792441637578,-4.897841546054591,-4.992632581231591,-5.115001629557046,-3.7911843620928587,-4.939080759320192,-4.985365771585519,-5.033541283082012,-4.891843851653279,-4.919489155200852,-5.019281871516855,-3.784104748132915,-4.770229738328102,-4.952272042977501,-4.74931925020911,-4.90231165641839,-4.937052006926788,-4.882440720720056
38000.0,-5.23052491027623,-5.15647248853506,-4.902465507397305,-4.595139291984606,-4.349836196301517,-5.017066764889556,-5.112813886466489,-5.059596702344125,-4.869940144375721,-5.068486736233732,-5.165877664756348,-5.2664722690066545,-5.1070960839921105,-5.006636543333225,-4.882807622687294,-4.968501415225318,-5.1149940099913875,-4.933273423687882,-4.915944027332077,-5.118627755452731,-5.02839073889424,-4.997417871969751,-4.968919342050234,-5.18906980817915,-5.044900915820009,-4.83098954507077,-5.164541621425324,-5.204353915301349,-5.008166475998049,-4.216016963523444,-5.037459747151743,-5.108083593007626,-5.100795572801425,-5.078465397628707,-5.153891372949751,-5.264380446135403,-3.9518272383074677,-5.023734295881149,-5.116609774007953,-5.194663877118875,-5.015447800356053,-5.057950034348518,-5.12240652046976,-3.967384318137086,-4.8920870791188005,-5.133418268859615,-4.930606822705377,-5.038077318334543,-5.071941976360266,-5.1105003414984695
44000.0,-5.332207883060717,-5.265511151895212,-5.046365269484953,-4.752764594453507,-4.500726764189096,-5.124334300810221,-5.236157786460857,-5.186988667351636,-4.997009271472128,-5.101455700287433,-5.265534901977913,-5.390214339414055,-5.099424150759035,-5.1015255276705656,-5.019689303600442,-5.141612880705686,-5.213997134313843,-5.042760486349613,-5.0772126107003,-5.1584315523964035,-5.178178059258122,-5.085501173443695,-5.092148497443124,-5.241694016964002,-5.175862403334349,-4.962774659743837,-5.2223890260068515,-5.309907247966863,-5.120461262465069,-4.363518484382796,-5.069952862627153,-5.175835382597419,-5.261666098143911,-5.180666115382905,-5.2413638004374254,-5.355725240800241,-4.108233460753021,-5.188180342282284,-5.227336493814339,-5.302913042191658,-5.146186633066778,-5.177121303360704,-5.2051349329713466,-4.17399564364186,-4.97707372647527,-5.20835576711007,-5.106367765906275,-5.157211384696169,-5.207797411662015,-5.211053940314616
50000.0,-5.481119181042747,-5.344825444538573,-5.148615166557227,-4.878977152726544,-4.642649777004549,-5.231503882477458,-5.315329666059429,-5.287327510486422,-5.1028445062055425,-5.189935118321072,-5.36929316422114,-5.500215257921982,-5.153548088843069,-5.20156288437982,-5.209908317622427,-5.245874672034949,-5.343683111735065,-5.148560662915267,-5.167919847441964,-5.276046142553423,-5.234387674373503,-5.1506368023659945,-5.1799436315303335,-5.305964340318676,-5.256960251642391,-5.076596166823237,-5.318044054790078,-5.422398209586259,-5.257213293965586,-4.503683940167909,-5.173293813944065,-5.355622581299382,-5.319752589464307,-5.291295399778269,-5.36730580913574,-5.4541282655439085,-4.1988194703022215,-5.257013158363198,-5.31558530454486,-5.367458461559285,-5.212237523067461,-5.287150926283486,-5.236903048694007,-4.268401634057626,-5.078914163935383,-5.273330537359548,-5.286364303065515,-5.2408720669035525,-5.348127609605814,-5.331135344971428
56000.0,-5.539405491933343,-5.453254819392351,-5.245462661291705,-4.990104620978749,-4.756289911703847,-5.284354386660081,-5.426231414484378,-5.433349205645293,-5.222554572426687,-5.27394864738823,-5.399350971551526,-5.544747788723098,-5.228094200410844,-5.278118665658994,-5.301649716895147,-5.291608106514099,-5.414536285625684,-5.215845374934791,-5.2217756764272565,-5.364166205840619,-5.332321285603584,-5.296028772336684,-5.268423559494552,-5.391486123192374,-5.328685969504159,-5.131528627991033,-5.391788492024048,-5.483635475492052,-5.343556967821178,-4.620626325551485,-5.265110859052354,-5.391265458664243,-5.367883724993508,-5.393349526301114,-5.468635066258011,-5.506470947623059,-4.315720157901678,-5.351939020027723,-5.377212241083418,-5.487629090949335,-5.251795834311055,-5.399721345883302,-5.363116162166916,-4.401586803265496,-5.208974009910556,-5.3799966666990375,-5.409260466871902,-5.318265596145107,-5.390715030387459,-5.391681783973898
62000.0,-5.557356455288156,-5.5130919157045035,-5.337123411023397,-5.078893031705416,-4.876130371920918,-5.35490479005119,-5.506592897544955,-5.471956307055224,-5.3150513636873145,-5.381890325692397,-5.495679147408277,-5.582309436516734,-5.314797110464738,-5.388522208888495,-5.350670639643086,-5.419076697489363,-5.492138374746106,-5.2533477502471415,-5.277495576013401,-5.441216436032316,-5.391415011001557,-5.36211734856363,-5.333081656894798,-5.454386451123799,-5.381709781416801,-5.2551310155801065,-5.531193798481362,-5.504720442001805,-5.435679868424075,-4.695816487017865,-5.311718885522676,-5.4599466582178575,-5.471040792284451,-5.506736147260444,-5.464661743545187,-5.604093835838793,-4.42165596300706,-5.439770509816759,-5.45417329918861,-5.5336900804308575,-5.338381596533228,-5.530301839643373,-5.387681204711987,-4.489711663593127,-5.304633928292758,-5.412317684703919,-5.4346234996289144,-5.357863952459895,-5.380064727321441,-5.456598756380514
