method,n_eval,peak_MB,time_s
midas_rho0.5,8000,4.390926361083984,0.03655904100742191
midas_rho0.6,8000,7.7585344314575195,0.042349458002718166
midas_rho0.75,8000,22.523202896118164,0.08638754198909737
midas_rhofull,8000,75.39950942993164,0.4914722920220811
kamh_tuned,8000,5.179998397827148,1.2171273340063635
ais_tuned,8000,0.07385444641113281,0.03598712498205714
midas_rho0.5,20000,12.118574142456055,0.11679487500805408
midas_rho0.6,20000,22.58024787902832,0.1595490420004353
midas_rho0.75,20000,61.577993392944336,0.37956962501630187
midas_rhofull,20000,416.3456439971924,2.692809208005201
kamh_tuned,20000,7.690044403076172,4.671745792002184
ais_tuned,20000,0.07249069213867188,0.08741820900468156
midas_rho0.5,40000,22.565058708190918,0.28635045897681266
midas_rho0.6,40000,43.03838920593262,0.5375931250164285
midas_rho0.75,40000,105.29380702972412,1.3468424589955248
midas_rhofull,40000,1292.8416395187378,10.945713249995606
kamh_tuned,40000,10.131394386291504,11.189551333984127
ais_tuned,40000,0.0738210678100586,0.19029916598810814
midas_rho0.5,62000,33.111748695373535,0.5064692500163801
midas_rho0.6,62000,57.022793769836426,0.932854499988025
midas_rho0.75,62000,202.41083335876465,2.770202457992127
midas_rhofull,62000,2946.9462671279907,28.76294187500025
kamh_tuned,62000,12.816985130310059,17.56711354199797
ais_tuned,62000,0.07597160339355469,0.27301470798556693
