case,scale,sigma,n_chains,burn,seed,metric,accept
mixture,paper,5.0,1,0.0,95000,-2.353675473493108,0.0006129131115017984
mixture,paper,5.0,1,0.25,95000,-2.2831607733877433,0.0006129131115017984
mixture,paper,5.0,1,0.5,95000,-2.227680017403142,0.0006129131115017984
mixture,paper,5.0,1,0.0,95001,-2.4052838032867765,0.0009193696672526976
mixture,paper,5.0,1,0.25,95001,-2.213394543176913,0.0009193696672526976
mixture,paper,5.0,1,0.5,95001,-2.148240902039274,0.0009193696672526976
mixture,paper,5.0,1,0.0,95002,-1.4768336756286862,0.0006935595735415087
mixture,paper,5.0,1,0.25,95002,-1.4693724805030237,0.0006935595735415087
mixture,paper,5.0,1,0.5,95002,-1.427598405764514,0.0006935595735415087
mixture,paper,5.0,1,0.0,95003,-1.3487852545926788,0.0009677575444765238
mixture,paper,5.0,1,0.25,95003,-1.3217530761759027,0.0009677575444765238
mixture,paper,5.0,1,0.5,95003,-1.2597740144102876,0.0009677575444765238
mixture,paper,median,1,0.0,95000,-2.0094281428649334,0.00020968080130324683
mixture,paper,median,1,0.25,95000,-1.8856403924002125,0.00020968080130324683
mixture,paper,median,1,0.5,95000,-1.7566162152257039,0.00020968080130324683
mixture,paper,median,1,0.0,95001,-1.8725636785043336,0.0006613009887256246
mixture,paper,median,1,0.25,95001,-1.7452960757061322,0.0006613009887256246
mixture,paper,median,1,0.5,95001,-1.7175307646371338,0.0006613009887256246
mixture,paper,median,1,0.0,95002,-1.3645158018177437,0.00025806867852707304
mixture,paper,median,1,0.25,95002,-1.30230606840453,0.00025806867852707304
mixture,paper,median,1,0.5,95002,-1.2868351686829684,0.00025806867852707304
mixture,paper,median,1,0.0,95003,-1.9909054061448106,0.00101614542170035
mixture,paper,median,1,0.25,95003,-1.9062387419394156,0.00101614542170035
mixture,paper,median,1,0.5,95003,-1.7794370490741407,0.00101614542170035
mixture,adaptive,5.0,1,0.0,95000,-2.4742980262935177,0.23410055000887112
mixture,adaptive,5.0,1,0.25,95000,-2.463568208652035,0.23410055000887112
mixture,adaptive,5.0,1,0.5,95000,-2.4723806400125192,0.23410055000887112
mixture,adaptive,5.0,1,0.0,95001,-1.49240839963582,0.23395538637719962
mixture,adaptive,5.0,1,0.25,95001,-1.4964175406914244,0.23395538637719962
mixture,adaptive,5.0,1,0.5,95001,-1.499646981809673,0.23395538637719962
mixture,adaptive,5.0,1,0.0,95002,-1.4885075707042514,0.23431023081017435
mixture,adaptive,5.0,1,0.25,95002,-1.487943454691067,0.23431023081017435
mixture,adaptive,5.0,1,0.5,95002,-1.486976051478353,0.23431023081017435
mixture,adaptive,5.0,1,0.0,95003,-2.4154897153445134,0.23468120453555702
mixture,adaptive,5.0,1,0.25,95003,-2.4723052753035195,0.23468120453555702
mixture,adaptive,5.0,1,0.5,95003,-2.4642637374298624,0.23468120453555702
mixture,adaptive,median,1,0.0,95000,-2.4712539261368422,0.23132631171470508
mixture,adaptive,median,1,0.25,95000,-2.471907402349029,0.23132631171470508
mixture,adaptive,median,1,0.5,95000,-2.4865717471724884,0.23132631171470508
mixture,adaptive,median,1,0.0,95001,-1.4827247078754393,0.2293101501637123
mixture,adaptive,median,1,0.25,95001,-1.4922496031841703,0.2293101501637123
mixture,adaptive,median,1,0.5,95001,-1.4928537062886371,0.2293101501637123
mixture,adaptive,median,1,0.0,95002,-1.4950505761909796,0.23139082888433685
mixture,adaptive,median,1,0.25,95002,-1.487703520275783,0.23139082888433685
mixture,adaptive,median,1,0.5,95002,-1.4921609941459806,0.23139082888433685
mixture,adaptive,median,1,0.0,95003,-2.4069706452869477,0.23264891369215632
mixture,adaptive,median,1,0.25,95003,-2.4943899198762347,0.23264891369215632
mixture,adaptive,median,1,0.5,95003,-2.4966514548488234,0.23264891369215632
anisotropic,paper,5.0,1,0.0,95000,-2.1529023732783856,0.0004838787722382619
anisotropic,paper,5.0,1,0.25,95000,-2.165118232075722,0.0004838787722382619
anisotropic,paper,5.0,1,0.5,95000,-2.1008990511428114,0.0004838787722382619
anisotropic,paper,5.0,1,0.0,95001,-1.4752927644951057,0.0008871110824368134
anisotropic,paper,5.0,1,0.25,95001,-1.4470592442295391,0.0008871110824368134
anisotropic,paper,5.0,1,0.5,95001,-1.4595596149242915,0.0008871110824368134
anisotropic,paper,5.0,1,0.0,95002,-1.4446661661718916,0.000741947450765335
anisotropic,paper,5.0,1,0.25,95002,-1.4085999476413464,0.000741947450765335
anisotropic,paper,5.0,1,0.5,95002,-1.3222247358310888,0.000741947450765335
anisotropic,paper,5.0,1,0.0,95003,-1.9382814798709416,0.0011129211761480024
anisotropic,paper,5.0,1,0.25,95003,-1.9900329778993735,0.0011129211761480024
anisotropic,paper,5.0,1,0.5,95003,-1.9956435605766922,0.0011129211761480024
anisotropic,paper,median,1,0.0,95000,-1.777029915850998,0.00025806867852707304
anisotropic,paper,median,1,0.25,95000,-1.6541162895088184,0.00025806867852707304
anisotropic,paper,median,1,0.5,95000,-1.4546826662835328,0.00025806867852707304
anisotropic,paper,median,1,0.0,95001,-1.1383784169873767,0.0004838787722382619
anisotropic,paper,median,1,0.25,95001,-1.1932935807590428,0.0004838787722382619
anisotropic,paper,median,1,0.5,95001,-1.3077268926989793,0.0004838787722382619
anisotropic,paper,median,1,0.0,95002,-1.3666001668619316,0.0003064565557508992
anisotropic,paper,median,1,0.25,95002,-1.2836805262683877,0.0003064565557508992
anisotropic,paper,median,1,0.5,95002,-1.3240482039587196,0.0003064565557508992
anisotropic,paper,median,1,0.0,95003,-1.8499363580056247,0.0009516282520685818
anisotropic,paper,median,1,0.25,95003,-1.7039319800623454,0.0009516282520685818
anisotropic,paper,median,1,0.5,95003,-1.4720969100250927,0.0009516282520685818
anisotropic,adaptive,5.0,1,0.0,95000,-2.517627537767911,0.23450378231906965
anisotropic,adaptive,5.0,1,0.25,95000,-2.518278041463267,0.23450378231906965
anisotropic,adaptive,5.0,1,0.5,95000,-2.530805950608718,0.23450378231906965
anisotropic,adaptive,5.0,1,0.0,95001,-1.4996573514284548,0.23406829142405522
anisotropic,adaptive,5.0,1,0.25,95001,-1.5041918965094672,0.23406829142405522
anisotropic,adaptive,5.0,1,0.5,95001,-1.5065959890265666,0.23406829142405522
anisotropic,adaptive,5.0,1,0.0,95002,-1.4951325965951099,0.23572960854207325
anisotropic,adaptive,5.0,1,0.25,95002,-1.4963621137575982,0.23572960854207325
anisotropic,adaptive,5.0,1,0.5,95002,-1.4917518194991286,0.23572960854207325
anisotropic,adaptive,5.0,1,0.0,95003,-2.4382399748974337,0.23350376618977725
anisotropic,adaptive,5.0,1,0.25,95003,-2.5005904983090064,0.23350376618977725
anisotropic,adaptive,5.0,1,0.5,95003,-2.4953427363686207,0.23350376618977725
anisotropic,adaptive,median,1,0.0,95000,-2.4991538547961007,0.23410055000887112
anisotropic,adaptive,median,1,0.25,95000,-2.4920345351447266,0.23410055000887112
anisotropic,adaptive,median,1,0.5,95000,-2.5053029851164563,0.23410055000887112
anisotropic,adaptive,median,1,0.0,95001,-2.533025921006744,0.23287472378586752
anisotropic,adaptive,median,1,0.25,95001,-2.5293851825474323,0.23287472378586752
anisotropic,adaptive,median,1,0.5,95001,-2.541468122777404,0.23287472378586752
anisotropic,adaptive,median,1,0.0,95002,-2.528472632134905,0.23251987935289278
anisotropic,adaptive,median,1,0.25,95002,-2.527618985895026,0.23251987935289278
anisotropic,adaptive,median,1,0.5,95002,-2.492135471324997,0.23251987935289278
anisotropic,adaptive,median,1,0.0,95003,-2.4412594091009656,0.23127792383748125
anisotropic,adaptive,median,1,0.25,95003,-2.5308509062405102,0.23127792383748125
anisotropic,adaptive,median,1,0.5,95003,-2.5207789732686656,0.23127792383748125
mixture,paper,5.0,10,0.0,95000,-1.6854313826351086,0.0039038554605581553
mixture,paper,5.0,10,0.25,95000,-1.7126778843290906,0.0039038554605581553
mixture,paper,5.0,10,0.5,95000,-1.718281889381902,0.0039038554605581553
mixture,paper,5.0,10,0.0,95001,-2.069165498719888,0.004936280045168576
mixture,paper,5.0,10,0.25,95001,-2.163413353699538,0.004936280045168576
mixture,paper,5.0,10,0.5,95001,-2.1822226352999228,0.004936280045168576
mixture,paper,5.0,10,0.0,95002,-1.7857739952246356,0.0043071463139216
mixture,paper,5.0,10,0.25,95002,-1.798645840292054,0.0043071463139216
mixture,paper,5.0,10,0.5,95002,-1.8272572702824053,0.0043071463139216
mixture,paper,5.0,10,0.0,95003,-2.3206159870615197,0.004855621874495886
mixture,paper,5.0,10,0.25,95003,-2.4387036478763986,0.004855621874495886
mixture,paper,5.0,10,0.5,95003,-2.4844332702906944,0.004855621874495886
mixture,paper,median,10,0.0,95000,-1.5553571851269405,0.002968220680754961
mixture,paper,median,10,0.25,95000,-1.599469836404773,0.002968220680754961
mixture,paper,median,10,0.5,95000,-1.5934899794836943,0.002968220680754961
mixture,paper,median,10,0.0,95001,-1.554670104280112,0.003500564607194709
mixture,paper,median,10,0.25,95001,-1.650896727793042,0.003500564607194709
mixture,paper,median,10,0.5,95001,-1.646061721836735,0.003500564607194709
mixture,paper,median,10,0.0,95002,-1.6048847025265878,0.0034683013389256332
mixture,paper,median,10,0.25,95002,-1.7480811658402668,0.0034683013389256332
mixture,paper,median,10,0.5,95002,-1.7755245930511,0.0034683013389256332
mixture,paper,median,10,0.0,95003,-1.8557306366572517,0.0036457493144055496
mixture,paper,median,10,0.25,95003,-2.101609334508217,0.0036457493144055496
mixture,paper,median,10,0.5,95003,-2.1626669775044336,0.0036457493144055496
mixture,adaptive,5.0,10,0.0,95000,-1.718695353364515,0.23039199870946928
mixture,adaptive,5.0,10,0.25,95000,-1.7365223150908857,0.23039199870946928
mixture,adaptive,5.0,10,0.5,95000,-1.736954180463447,0.23039199870946928
mixture,adaptive,5.0,10,0.0,95001,-2.0038280061258584,0.23045652524600743
mixture,adaptive,5.0,10,0.25,95001,-2.059555549454329,0.23045652524600743
mixture,adaptive,5.0,10,0.5,95001,-2.065018470860716,0.23045652524600743
mixture,adaptive,5.0,10,0.0,95002,-2.024542426063455,0.2313598967575415
mixture,adaptive,5.0,10,0.25,95002,-2.0623692923020522,0.2313598967575415
mixture,adaptive,5.0,10,0.5,95002,-2.0630457536935207,0.2313598967575415
mixture,adaptive,5.0,10,0.0,95003,-2.9663816514631147,0.23205355702532665
mixture,adaptive,5.0,10,0.25,95003,-5.253647513280939,0.23205355702532665
mixture,adaptive,5.0,10,0.5,95003,-5.084610489826212,0.23205355702532665
mixture,adaptive,median,10,0.0,95000,-1.9652073699249442,0.2207130182287466
mixture,adaptive,median,10,0.25,95000,-2.0618534477050434,0.2207130182287466
mixture,adaptive,median,10,0.5,95000,-2.0741421008630923,0.2207130182287466
mixture,adaptive,median,10,0.0,95001,-2.2014427619981247,0.21932569769317628
mixture,adaptive,median,10,0.25,95001,-2.6238507131265156,0.21932569769317628
mixture,adaptive,median,10,0.5,95001,-2.610037420574248,0.21932569769317628
mixture,adaptive,median,10,0.0,95002,-1.8311433392325756,0.22051943861913212
mixture,adaptive,median,10,0.25,95002,-1.902716344370882,0.22051943861913212
mixture,adaptive,median,10,0.5,95002,-1.9015852592084315,0.22051943861913212
mixture,adaptive,median,10,0.0,95003,-2.2355339115548394,0.22045491208259396
mixture,adaptive,median,10,0.25,95003,-2.636744422267019,0.22045491208259396
mixture,adaptive,median,10,0.5,95003,-2.6612810478537585,0.22045491208259396
anisotropic,paper,5.0,10,0.0,95000,-2.576333435888365,0.004161961606710759
anisotropic,paper,5.0,10,0.25,95000,-2.703540279346612,0.004161961606710759
anisotropic,paper,5.0,10,0.5,95000,-2.6177253578902544,0.004161961606710759
anisotropic,paper,5.0,10,0.0,95001,-2.1266397480919506,0.0050814647523794165
anisotropic,paper,5.0,10,0.25,95001,-2.1871128890800056,0.0050814647523794165
anisotropic,paper,5.0,10,0.5,95001,-2.165284389555565,0.0050814647523794165
anisotropic,paper,5.0,10,0.0,95002,-1.9882082427946843,0.004726568801419584
anisotropic,paper,5.0,10,0.25,95002,-2.0631174458495027,0.004726568801419584
anisotropic,paper,5.0,10,0.5,95002,-2.081932655934649,0.004726568801419584
anisotropic,paper,5.0,10,0.0,95003,-2.537295578644522,0.005016938215841265
anisotropic,paper,5.0,10,0.25,95003,-2.927262357117301,0.005016938215841265
anisotropic,paper,5.0,10,0.5,95003,-2.909341805242277,0.005016938215841265
anisotropic,paper,median,10,0.0,95000,-1.5895543442577098,0.002710114534602355
anisotropic,paper,median,10,0.25,95000,-1.6586426635979032,0.002710114534602355
anisotropic,paper,median,10,0.5,95000,-1.7294266619894147,0.002710114534602355
anisotropic,paper,median,10,0.0,95001,-1.5559831228336172,0.0038554605581545406
anisotropic,paper,median,10,0.25,95001,-1.6485984400606863,0.0038554605581545406
anisotropic,paper,median,10,0.5,95001,-1.6507149929013312,0.0038554605581545406
anisotropic,paper,median,10,0.0,95002,-1.479443366055487,0.003694144216809163
anisotropic,paper,median,10,0.25,95002,-1.5398285312097433,0.003694144216809163
anisotropic,paper,median,10,0.5,95002,-1.5676831639282225,0.003694144216809163
anisotropic,paper,median,10,0.0,95003,-1.4003768229905058,0.00319406355863849
anisotropic,paper,median,10,0.25,95003,-1.435309893007425,0.00319406355863849
anisotropic,paper,median,10,0.5,95003,-1.4188943724973668,0.00319406355863849
anisotropic,adaptive,5.0,10,0.0,95000,-1.7487283441249102,0.22923052105178257
anisotropic,adaptive,5.0,10,0.25,95000,-1.7646321550304078,0.22923052105178257
anisotropic,adaptive,5.0,10,0.5,95000,-1.7651008359645253,0.22923052105178257
anisotropic,adaptive,5.0,10,0.0,95001,-2.2330529716096903,0.23219874173253752
anisotropic,adaptive,5.0,10,0.25,95001,-2.322823719914078,0.23219874173253752
anisotropic,adaptive,5.0,10,0.5,95001,-2.324391843706667,0.23219874173253752
anisotropic,adaptive,5.0,10,0.0,95002,-2.0560104966251496,0.23200516212292305
anisotropic,adaptive,5.0,10,0.25,95002,-2.093337763346543,0.23200516212292305
anisotropic,adaptive,5.0,10,0.5,95002,-2.090648318862704,0.23200516212292305
anisotropic,adaptive,5.0,10,0.0,95003,-2.984099321126661,0.23094047427004355
anisotropic,adaptive,5.0,10,0.25,95003,-5.014453794629158,0.23094047427004355
anisotropic,adaptive,5.0,10,0.5,95003,-5.024265515036235,0.23094047427004355
anisotropic,adaptive,median,10,0.0,95000,-2.3707644800553638,0.2227778673979674
anisotropic,adaptive,median,10,0.25,95000,-2.6339138292350586,0.2227778673979674
anisotropic,adaptive,median,10,0.5,95000,-2.665649123190737,0.2227778673979674
anisotropic,adaptive,median,10,0.0,95001,-2.2389364456016714,0.22327794805613807
anisotropic,adaptive,median,10,0.25,95001,-2.6550365473583484,0.22327794805613807
anisotropic,adaptive,median,10,0.5,95001,-2.6527667332446585,0.22327794805613807
anisotropic,adaptive,median,10,0.0,95002,-1.9413454287623393,0.2220519438619132
anisotropic,adaptive,median,10,0.25,95002,-2.0684304461281418,0.2220519438619132
anisotropic,adaptive,median,10,0.5,95002,-2.077462348378275,0.2220519438619132
anisotropic,adaptive,median,10,0.0,95003,-1.9458577438325888,0.22151959993547346
anisotropic,adaptive,median,10,0.25,95003,-2.103365734944389,0.22151959993547346
anisotropic,adaptive,median,10,0.5,95003,-2.0963452583198885,0.22151959993547346
mixture,paper,5.0,50,0.0,95000,0.8826791472905431,0.029798224374495558
mixture,paper,5.0,50,0.25,95000,0.3624823966367162,0.029798224374495558
mixture,paper,5.0,50,0.5,95000,-0.4740279398301339,0.029798224374495558
mixture,paper,5.0,50,0.0,95001,-0.9694635884371235,0.024891041162227606
mixture,paper,5.0,50,0.25,95001,-2.187577842468392,0.024891041162227606
mixture,paper,5.0,50,0.5,95001,-2.2316146260126866,0.024891041162227606
mixture,paper,5.0,50,0.0,95002,-0.8809200100380197,0.022582728006456824
mixture,paper,5.0,50,0.25,95002,-2.066448388589666,0.022582728006456824
mixture,paper,5.0,50,0.5,95002,-2.146676270977538,0.022582728006456824
mixture,paper,5.0,50,0.0,95003,-1.40401874628495,0.025181598062953996
mixture,paper,5.0,50,0.25,95003,-2.0354916628939383,0.025181598062953996
mixture,paper,5.0,50,0.5,95003,-2.0708148612322423,0.025181598062953996
mixture,paper,median,50,0.0,95000,0.9483881433831437,0.025956416464891042
mixture,paper,median,50,0.25,95000,0.5967020567819036,0.025956416464891042
mixture,paper,median,50,0.5,95000,0.20659976582964898,0.025956416464891042
mixture,paper,median,50,0.0,95001,-0.8722168566064599,0.020112994350282486
mixture,paper,median,50,0.25,95001,-1.5156770429492719,0.020112994350282486
mixture,paper,median,50,0.5,95001,-1.5664668421090082,0.020112994350282486
mixture,paper,median,50,0.0,95002,-0.7495830489297307,0.01714285714285714
mixture,paper,median,50,0.25,95002,-1.4373224743085693,0.01714285714285714
mixture,paper,median,50,0.5,95002,-1.5251196016175663,0.01714285714285714
mixture,paper,median,50,0.0,95003,-1.0960433209180218,0.019209039548022597
mixture,paper,median,50,0.25,95003,-1.357045421333926,0.019209039548022597
mixture,paper,median,50,0.5,95003,-1.4131756123966543,0.019209039548022597
mixture,adaptive,5.0,50,0.0,95000,0.13404443911201008,0.2145278450363196
mixture,adaptive,5.0,50,0.25,95000,-1.8611662845512391,0.2145278450363196
mixture,adaptive,5.0,50,0.5,95000,-2.211325314081991,0.2145278450363196
mixture,adaptive,5.0,50,0.0,95001,-1.221978313489248,0.21444713478611785
mixture,adaptive,5.0,50,0.25,95001,-2.857881491720761,0.21444713478611785
mixture,adaptive,5.0,50,0.5,95001,-2.9259896351796395,0.21444713478611785
mixture,adaptive,5.0,50,0.0,95002,-1.1139544881802146,0.21552865213882164
mixture,adaptive,5.0,50,0.25,95002,-2.1389102838009153,0.21552865213882164
mixture,adaptive,5.0,50,0.5,95002,-2.161785786445782,0.21552865213882164
mixture,adaptive,5.0,50,0.0,95003,-1.5704500116490834,0.2143987086359968
mixture,adaptive,5.0,50,0.25,95003,-2.363149146811627,0.2143987086359968
mixture,adaptive,5.0,50,0.5,95003,-2.389745025433433,0.2143987086359968
mixture,adaptive,median,50,0.0,95000,0.02702587320761345,0.1846489104116223
mixture,adaptive,median,50,0.25,95000,-1.885251048789091,0.1846489104116223
mixture,adaptive,median,50,0.5,95000,-2.034462623893773,0.1846489104116223
mixture,adaptive,median,50,0.0,95001,-1.1723013466470926,0.1809362389023406
mixture,adaptive,median,50,0.25,95001,-2.0576413475162134,0.1809362389023406
mixture,adaptive,median,50,0.5,95001,-2.137259227479965,0.1809362389023406
mixture,adaptive,median,50,0.0,95002,-1.0766819556725618,0.1829217110573043
mixture,adaptive,median,50,0.25,95002,-2.072279414722476,0.1829217110573043
mixture,adaptive,median,50,0.5,95002,-2.198792828615858,0.1829217110573043
mixture,adaptive,median,50,0.0,95003,-1.409010254905138,0.18135593220338986
mixture,adaptive,median,50,0.25,95003,-2.169700331807116,0.18135593220338986
mixture,adaptive,median,50,0.5,95003,-2.3059778683665924,0.18135593220338986
anisotropic,paper,5.0,50,0.0,95000,0.8999673943281379,0.029895076674737692
anisotropic,paper,5.0,50,0.25,95000,0.40551368727065157,0.029895076674737692
anisotropic,paper,5.0,50,0.5,95000,-0.3942562884330741,0.029895076674737692
anisotropic,paper,5.0,50,0.0,95001,-0.9185557419542412,0.02563357546408394
anisotropic,paper,5.0,50,0.25,95001,-1.8592549169583643,0.02563357546408394
anisotropic,paper,5.0,50,0.5,95001,-1.9491550284759767,0.02563357546408394
anisotropic,paper,5.0,50,0.0,95002,-0.8325984653523264,0.022760290556900722
anisotropic,paper,5.0,50,0.25,95002,-1.7087792393321668,0.022760290556900722
anisotropic,paper,5.0,50,0.5,95002,-1.8245202453741896,0.022760290556900722
anisotropic,paper,5.0,50,0.0,95003,-1.3376653218101924,0.02474576271186441
anisotropic,paper,5.0,50,0.25,95003,-1.824111348028029,0.02474576271186441
anisotropic,paper,5.0,50,0.5,95003,-1.8798986828332707,0.02474576271186441
anisotropic,paper,median,50,0.0,95000,0.9728753876637644,0.025843422114608553
anisotropic,paper,median,50,0.25,95000,0.6603642668570862,0.025843422114608553
anisotropic,paper,median,50,0.5,95000,0.3458192373821114,0.025843422114608553
anisotropic,paper,median,50,0.0,95001,-0.7173040264701483,0.019338175948345443
anisotropic,paper,median,50,0.25,95001,-1.089278594413093,0.019338175948345443
anisotropic,paper,median,50,0.5,95001,-1.123505155296228,0.019338175948345443
anisotropic,paper,median,50,0.0,95002,-0.6165140452632287,0.01848264729620662
anisotropic,paper,median,50,0.25,95002,-1.0301075691883297,0.01848264729620662
anisotropic,paper,median,50,0.5,95002,-1.1858136027624482,0.01848264729620662
anisotropic,paper,median,50,0.0,95003,-1.0223817334651037,0.01861178369652946
anisotropic,paper,median,50,0.25,95003,-1.2230482709135333,0.01861178369652946
anisotropic,paper,median,50,0.5,95003,-1.2495473112879891,0.01861178369652946
anisotropic,adaptive,5.0,50,0.0,95000,0.24698728566655156,0.21486682808716703
anisotropic,adaptive,5.0,50,0.25,95000,-0.9984790768736576,0.21486682808716703
anisotropic,adaptive,5.0,50,0.5,95000,-1.4093815770707543,0.21486682808716703
anisotropic,adaptive,5.0,50,0.0,95001,-1.1847239626836212,0.21328490718321227
anisotropic,adaptive,5.0,50,0.25,95001,-2.5546204807158066,0.21328490718321227
anisotropic,adaptive,5.0,50,0.5,95001,-3.0319554628729306,0.21328490718321227
anisotropic,adaptive,5.0,50,0.0,95002,-0.9823677366007437,0.2161581920903955
anisotropic,adaptive,5.0,50,0.25,95002,-1.9498654710844476,0.2161581920903955
anisotropic,adaptive,5.0,50,0.5,95002,-2.1364863664576195,0.2161581920903955
anisotropic,adaptive,5.0,50,0.0,95003,-1.526703155469242,0.21510895883777242
anisotropic,adaptive,5.0,50,0.25,95003,-2.3971093773678027,0.21510895883777242
anisotropic,adaptive,5.0,50,0.5,95003,-2.5535050637671888,0.21510895883777242
anisotropic,adaptive,median,50,0.0,95000,0.2248912940492036,0.18740920096852304
anisotropic,adaptive,median,50,0.25,95000,-0.9955357440247838,0.18740920096852304
anisotropic,adaptive,median,50,0.5,95000,-1.8533620555812174,0.18740920096852304
anisotropic,adaptive,median,50,0.0,95001,-1.0171433428942471,0.18348668280871672
anisotropic,adaptive,median,50,0.25,95001,-1.591509029951837,0.18348668280871672
anisotropic,adaptive,median,50,0.5,95001,-1.7522940806417815,0.18348668280871672
anisotropic,adaptive,median,50,0.0,95002,-0.9698338265647499,0.18523002421307502
anisotropic,adaptive,median,50,0.25,95002,-1.6786807308282714,0.18523002421307502
anisotropic,adaptive,median,50,0.5,95002,-1.8037796387361038,0.18523002421307502
anisotropic,adaptive,median,50,0.0,95003,-1.3143327057794276,0.18314769975786924
anisotropic,adaptive,median,50,0.25,95003,-1.7787687680911304,0.18314769975786924
anisotropic,adaptive,median,50,0.5,95003,-1.899252732179131,0.18314769975786924
