case,method,n_eval,mean,ci95_low,ci95_high,n_runs
coldstart,midas_eta0.25,2000.0,-0.01887477993618572,-0.03763436672514217,-0.00011519314722927346,50
coldstart,midas_eta0.25,8000.0,-2.59153728671544,-2.678950356697377,-2.504124216733503,50
coldstart,midas_eta0.25,14000.0,-3.3974860607971267,-3.4913041453569025,-3.303667976237351,50
coldstart,midas_eta0.25,20000.0,-3.7163020157222757,-3.8058364432993645,-3.626767588145187,50
coldstart,midas_eta0.25,26000.0,-3.9322116743435105,-4.018468989646251,-3.8459543590407703,50
coldstart,midas_eta0.25,32000.0,-4.109708986562854,-4.192334058127518,-4.02708391499819,50
coldstart,midas_eta0.25,38000.0,-4.24050167210504,-4.319468767550112,-4.161534576659968,50
coldstart,midas_eta0.25,44000.0,-4.345864147742447,-4.422278773070411,-4.269449522414484,50
coldstart,midas_eta0.25,50000.0,-4.442038463971438,-4.516531918506273,-4.367545009436603,50
coldstart,midas_eta0.25,56000.0,-4.534346422876478,-4.608466749700542,-4.4602260960524145,50
coldstart,midas_eta0.25,62000.0,-4.615917082480713,-4.68999144924784,-4.541842715713587,50
coldstart,midas_eta0.5,2000.0,-0.01887477993618572,-0.03763436672514217,-0.00011519314722927346,50
coldstart,midas_eta0.5,8000.0,-2.8225849715812483,-2.9101346817569693,-2.7350352614055273,50
coldstart,midas_eta0.5,14000.0,-3.9184012095086667,-4.00445900585786,-3.8323434131594736,50
coldstart,midas_eta0.5,20000.0,-4.367021400598908,-4.454802218032323,-4.279240583165493,50
coldstart,midas_eta0.5,26000.0,-4.6256971769832,-4.710605543846442,-4.540788810119959,50
coldstart,midas_eta0.5,32000.0,-4.814013747116428,-4.897887522744355,-4.7301399714885015,50
coldstart,midas_eta0.5,38000.0,-4.977301448753604,-5.058633073963749,-4.895969823543458,50
coldstart,midas_eta0.5,44000.0,-5.089770609131956,-5.165650195191674,-5.013891023072238,50
coldstart,midas_eta0.5,50000.0,-5.192185598650636,-5.267220459841522,-5.11715073745975,50
coldstart,midas_eta0.5,56000.0,-5.278265202319339,-5.349946166482297,-5.206584238156381,50
coldstart,midas_eta0.5,62000.0,-5.350263257520214,-5.419341457763568,-5.28118505727686,50
coldstart,midas_eta0.75,2000.0,-0.01887477993618572,-0.03763436672514217,-0.00011519314722927346,50
coldstart,midas_eta0.75,8000.0,-2.9909736799537456,-3.106576879895684,-2.8753704800118074,50
coldstart,midas_eta0.75,14000.0,-4.158127047478601,-4.298587591531916,-4.017666503425286,50
coldstart,midas_eta0.75,20000.0,-4.584364115843552,-4.720405118037113,-4.448323113649992,50
coldstart,midas_eta0.75,26000.0,-4.847101982537316,-4.9780465502286475,-4.716157414845984,50
coldstart,midas_eta0.75,32000.0,-5.038673000996473,-5.168281194312753,-4.909064807680194,50
coldstart,midas_eta0.75,38000.0,-5.192877487132547,-5.319554022476808,-5.066200951788286,50
coldstart,midas_eta0.75,44000.0,-5.31067112038052,-5.434480133792148,-5.186862106968892,50
coldstart,midas_eta0.75,50000.0,-5.411103908132823,-5.533008354565779,-5.289199461699867,50
coldstart,midas_eta0.75,56000.0,-5.498458044375071,-5.618664926878354,-5.378251161871788,50
coldstart,midas_eta0.75,62000.0,-5.572089323033732,-5.690685188441773,-5.453493457625692,50
coldstart,midas_eta1,2000.0,-0.01887477993618572,-0.03763436672514217,-0.00011519314722927346,50
coldstart,midas_eta1,8000.0,-3.0055117160333276,-3.1022072342108604,-2.9088161978557947,50
coldstart,midas_eta1,14000.0,-4.2738328071487395,-4.374236470184382,-4.173429144113097,50
coldstart,midas_eta1,20000.0,-4.7331617411929265,-4.826566777712955,-4.639756704672898,50
coldstart,midas_eta1,26000.0,-5.018784088058394,-5.106321040739751,-4.931247135377037,50
coldstart,midas_eta1,32000.0,-5.220357127656621,-5.303103390820357,-5.137610864492886,50
coldstart,midas_eta1,38000.0,-5.382129860233857,-5.460634161087942,-5.303625559379773,50
coldstart,midas_eta1,44000.0,-5.509106037997129,-5.583304919611163,-5.434907156383095,50
coldstart,midas_eta1,50000.0,-5.607926278256259,-5.6803835049933324,-5.535469051519185,50
coldstart,midas_eta1,56000.0,-5.698321278530122,-5.7667110881858985,-5.629931468874345,50
coldstart,midas_eta1,62000.0,-5.788102774316385,-5.854897803553242,-5.721307745079527,50
coldstart,ais,6000.0,-0.22723247110638883,-0.30169561134963935,-0.15276933086313832,30
coldstart,ais,12000.0,-0.23075642221627124,-0.29820133079991173,-0.16331151363263074,30
coldstart,ais,18000.0,-0.5225164315138312,-0.5752890523121719,-0.4697438107154906,30
coldstart,ais,24000.0,-0.7972545701399216,-0.8566796825523677,-0.7378294577274755,30
coldstart,ais,30000.0,-0.9631000121091479,-1.0050453906643293,-0.9211546335539664,30
coldstart,ais,36000.0,-1.06343109223429,-1.126254474414288,-1.000607710054292,30
coldstart,ais,42000.0,-1.2300860375958347,-1.2946692958619936,-1.1655027793296757,30
coldstart,ais,48000.0,-1.3162388913481364,-1.3643084230220803,-1.2681693596741925,30
coldstart,ais,54000.0,-1.4248770398953488,-1.4867184195000414,-1.3630356602906561,30
coldstart,ais,60000.0,-1.552609452269492,-1.6118766881905726,-1.4933422163484114,30
coldstart,kamh,2000.0,-1.4337099081656928,-1.4809625363507695,-1.386457279980616,30
coldstart,kamh,8000.0,-1.9624565283794126,-2.0009377787809997,-1.9239752779778254,30
coldstart,kamh,14000.0,-2.1795515336241507,-2.2150668277991383,-2.144036239449163,30
coldstart,kamh,20000.0,-2.3006501537759063,-2.334936437768467,-2.2663638697833455,30
coldstart,kamh,26000.0,-2.3986708851625065,-2.4374697053534633,-2.3598720649715497,30
coldstart,kamh,32000.0,-2.4612677268733023,-2.5029443303701613,-2.4195911233764433,30
coldstart,kamh,38000.0,-2.507432128598604,-2.548158301948732,-2.4667059552484756,30
coldstart,kamh,44000.0,-2.5514320087108575,-2.591337178493978,-2.511526838927737,30
coldstart,kamh,50000.0,-2.588640304257915,-2.631993339339122,-2.545287269176708,30
coldstart,kamh,56000.0,-2.6344939549683914,-2.681730998700653,-2.58725691123613,30
coldstart,kamh,62000.0,-2.672759814426591,-2.717337476476437,-2.6281821523767452,30
coldstart,ais_tuned,6000.0,-1.6969449917973107,-1.7481139790078963,-1.6457760045867251,30
coldstart,ais_tuned,12000.0,-1.9787262911978076,-2.041358969984558,-1.9160936124110572,30
coldstart,ais_tuned,18000.0,-2.1291271998496213,-2.195743062745634,-2.0625113369536088,30
coldstart,ais_tuned,24000.0,-2.18911153896948,-2.2676804894229523,-2.110542588516008,30
coldstart,ais_tuned,30000.0,-2.198088243687579,-2.285597889267449,-2.1105785981077085,30
coldstart,ais_tuned,36000.0,-2.2461930945385187,-2.3322702332780993,-2.160115955798938,30
coldstart,ais_tuned,42000.0,-2.294865164791832,-2.3885381010995874,-2.2011922284840764,30
coldstart,ais_tuned,48000.0,-2.2789207170344294,-2.3578625133820736,-2.1999789206867852,30
coldstart,ais_tuned,54000.0,-2.3185178587895408,-2.3962972563682814,-2.2407384612108,30
coldstart,ais_tuned,60000.0,-2.285522639790748,-2.3747467501240114,-2.196298529457485,30
coldstart,kamh_tuned,2000.0,-0.9261518722022373,-0.9537684000183866,-0.898535344386088,30
coldstart,kamh_tuned,8000.0,-3.437286149882778,-3.51122962902374,-3.363342670741816,30
coldstart,kamh_tuned,14000.0,-4.502034479448345,-4.533783883441229,-4.470285075455461,30
coldstart,kamh_tuned,20000.0,-4.704602033697224,-4.7499070874797225,-4.659296979914726,30
coldstart,kamh_tuned,26000.0,-4.848150368652165,-4.896557183770974,-4.799743553533356,30
coldstart,kamh_tuned,32000.0,-4.965390480904956,-5.016605399183606,-4.914175562626306,30
coldstart,kamh_tuned,38000.0,-5.053211203803381,-5.1099414170010355,-4.996480990605727,30
coldstart,kamh_tuned,44000.0,-5.156863258878527,-5.20136889417323,-5.112357623583824,30
coldstart,kamh_tuned,50000.0,-5.234018907875724,-5.284562155307646,-5.1834756604438015,30
coldstart,kamh_tuned,56000.0,-5.29402053450383,-5.340454394819243,-5.247586674188417,30
coldstart,kamh_tuned,62000.0,-5.3581944449240195,-5.403174818762884,-5.313214071085155,30
mixture,midas_eta0.25,2000.0,-1.626723021653297,-1.6770838566598578,-1.5763621866467363,50
mixture,midas_eta0.25,8000.0,-2.297713361823992,-2.390181739762722,-2.205244983885262,50
mixture,midas_eta0.25,14000.0,-2.467164524884976,-2.5910603406749546,-2.343268709094997,50
mixture,midas_eta0.25,20000.0,-2.5809285749724062,-2.7254533352215584,-2.436403814723254,50
mixture,midas_eta0.25,26000.0,-2.6706353623284027,-2.831667698437286,-2.5096030262195193,50
mixture,midas_eta0.25,32000.0,-2.728470925753145,-2.893281893468953,-2.563659958037337,50
mixture,midas_eta0.25,38000.0,-2.7750659189335796,-2.9497574895686385,-2.6003743482985207,50
mixture,midas_eta0.25,44000.0,-2.803448017572727,-2.975957616494591,-2.6309384186508633,50
mixture,midas_eta0.25,50000.0,-2.84557897534605,-3.027193242411629,-2.6639647082804707,50
mixture,midas_eta0.25,56000.0,-2.885163735398944,-3.0741832257918267,-2.696144245006061,50
mixture,midas_eta0.25,62000.0,-2.9212604529077653,-3.120128776557753,-2.7223921292577775,50
mixture,midas_eta0.5,2000.0,-1.626723021653297,-1.6770838566598578,-1.5763621866467363,50
mixture,midas_eta0.5,8000.0,-2.2362746650796463,-2.349150755322761,-2.1233985748365316,50
mixture,midas_eta0.5,14000.0,-2.361161604296237,-2.49974004392051,-2.2225831646719643,50
mixture,midas_eta0.5,20000.0,-2.4676514954684197,-2.6228927251009266,-2.3124102658359127,50
mixture,midas_eta0.5,26000.0,-2.5278280157272057,-2.7043234347317937,-2.3513325967226177,50
mixture,midas_eta0.5,32000.0,-2.5824978233764835,-2.773255273802475,-2.391740372950492,50
mixture,midas_eta0.5,38000.0,-2.642105680736975,-2.8577615360934816,-2.4264498253804687,50
mixture,midas_eta0.5,44000.0,-2.6740375134462884,-2.8975669492536413,-2.4505080776389354,50
mixture,midas_eta0.5,50000.0,-2.7351623880783147,-2.9688859873094615,-2.501438788847168,50
mixture,midas_eta0.5,56000.0,-2.7537077771398657,-2.9896407820061635,-2.517774772273568,50
mixture,midas_eta0.5,62000.0,-2.789480997733885,-3.041362208277722,-2.537599787190048,50
mixture,midas_eta0.75,2000.0,-1.626723021653297,-1.6770838566598578,-1.5763621866467363,50
mixture,midas_eta0.75,8000.0,-2.2483372340262453,-2.3738760819057374,-2.122798386146753,50
mixture,midas_eta0.75,14000.0,-2.423581635177547,-2.5840000421300453,-2.2631632282250487,50
mixture,midas_eta0.75,20000.0,-2.5474010770640456,-2.7294648850447847,-2.3653372690833065,50
mixture,midas_eta0.75,26000.0,-2.5930330932000087,-2.792536892743247,-2.3935292936567705,50
mixture,midas_eta0.75,32000.0,-2.665252329590006,-2.887566907352454,-2.442937751827558,50
mixture,midas_eta0.75,38000.0,-2.7228086869497448,-2.9521400349749087,-2.493477338924581,50
mixture,midas_eta0.75,44000.0,-2.779803371405704,-3.030095472373186,-2.5295112704382223,50
mixture,midas_eta0.75,50000.0,-2.83568030326855,-3.0906218322094845,-2.580738774327615,50
mixture,midas_eta0.75,56000.0,-2.894356171631123,-3.1622373278621803,-2.6264750154000653,50
mixture,midas_eta0.75,62000.0,-2.9167427601577827,-3.1930498380866386,-2.6404356822289268,50
mixture,midas_eta1,2000.0,-1.626723021653297,-1.6770838566598578,-1.5763621866467363,50
mixture,midas_eta1,8000.0,-2.2048434849225758,-2.3090930142649917,-2.10059395558016,50
mixture,midas_eta1,14000.0,-2.3113951670934285,-2.4408974029880843,-2.1818929311987727,50
mixture,midas_eta1,20000.0,-2.3686170511183557,-2.524773833228818,-2.2124602690078934,50
mixture,midas_eta1,26000.0,-2.406878782515596,-2.580511768533683,-2.2332457964975094,50
mixture,midas_eta1,32000.0,-2.406353481960121,-2.575914904187789,-2.2367920597324527,50
mixture,midas_eta1,38000.0,-2.4487166574101678,-2.6240413909947247,-2.273391923825611,50
mixture,midas_eta1,44000.0,-2.4854588594804228,-2.671167704403277,-2.2997500145575684,50
mixture,midas_eta1,50000.0,-2.5312910939005686,-2.726464852440455,-2.336117335360682,50
mixture,midas_eta1,56000.0,-2.5943112647575113,-2.797613733204217,-2.3910087963108055,50
mixture,midas_eta1,62000.0,-2.6058299382256207,-2.801639497843296,-2.4100203786079453,50
mixture,ais,6000.0,-1.3855164133382147,-1.4397417581503076,-1.331291068526122,50
mixture,ais,12000.0,-1.4499518425758884,-1.4990033890027372,-1.4009002961490395,50
mixture,ais,18000.0,-1.453939476356976,-1.5114593000091785,-1.3964196527047734,50
mixture,ais,24000.0,-1.48279371571829,-1.5386310345572205,-1.4269563968793595,50
mixture,ais,30000.0,-1.5597556918825912,-1.6223112040487364,-1.497200179716446,50
mixture,ais,36000.0,-1.495687955073529,-1.5601170684696157,-1.431258841677442,50
mixture,ais,42000.0,-1.5225778021994822,-1.5958653947466002,-1.4492902096523643,50
mixture,ais,48000.0,-1.5863170208946786,-1.6653796242078218,-1.5072544175815354,50
mixture,ais,54000.0,-1.6512545362561326,-1.721688859785337,-1.5808202127269282,50
mixture,ais,60000.0,-1.6899878381587081,-1.754052554241676,-1.6259231220757402,50
mixture,kamh,2000.0,-1.559847302661923,-1.685793076407875,-1.4339015289159711,50
mixture,kamh,8000.0,-1.77970528768395,-1.892069152393724,-1.667341422974176,50
mixture,kamh,14000.0,-1.8221143371642743,-1.9299997020114756,-1.714228972317073,50
mixture,kamh,20000.0,-1.8571025882017438,-1.9638270036702288,-1.7503781727332588,50
mixture,kamh,26000.0,-1.8925811810258764,-2.0024051620716206,-1.7827571999801322,50
mixture,kamh,32000.0,-1.9079253367696452,-2.018005356327574,-1.797845317211716,50
mixture,kamh,38000.0,-1.9270912276602539,-2.0378188891922244,-1.8163635661282833,50
mixture,kamh,44000.0,-1.950115340954084,-2.0613125917813213,-1.8389180901268465,50
mixture,kamh,50000.0,-1.964455575199534,-2.0756743153510233,-1.8532368350480448,50
mixture,kamh,56000.0,-1.9683339161988398,-2.0788008499524926,-1.8578669824451872,50
mixture,kamh,62000.0,-1.9747507623466822,-2.0865766829673493,-1.8629248417260151,50
mixture,ais_tuned,6000.0,-1.3842565092364683,-1.4337285757711258,-1.3347844427018107,50
mixture,ais_tuned,12000.0,-1.5274364065670927,-1.5941792029273152,-1.4606936102068702,50
mixture,ais_tuned,18000.0,-1.6957124667539687,-1.7668638128061787,-1.6245611207017587,50
mixture,ais_tuned,24000.0,-1.8473288297044963,-1.9297806214138324,-1.7648770379951602,50
mixture,ais_tuned,30000.0,-1.9558093605100726,-2.0586230016907137,-1.8529957193294313,50
mixture,ais_tuned,36000.0,-1.9716916801888322,-2.0658336574661154,-1.877549702911549,50
mixture,ais_tuned,42000.0,-2.0573534069698267,-2.1353346017924424,-1.979372212147211,50
mixture,ais_tuned,48000.0,-2.1238155968751293,-2.215858942456078,-2.0317722512941807,50
mixture,ais_tuned,54000.0,-2.0944099968320096,-2.1940351645751806,-1.9947848290888384,50
mixture,ais_tuned,60000.0,-2.2004040227312904,-2.2915898333577043,-2.1092182121048766,50
mixture,kamh_tuned,2000.0,-0.9427225860762088,-1.1181870595707764,-0.7672581125816412,50
mixture,kamh_tuned,8000.0,-2.2176937620539245,-2.3556371931289526,-2.0797503309788965,50
mixture,kamh_tuned,14000.0,-2.41786169138362,-2.5780969811988923,-2.2576264015683476,50
mixture,kamh_tuned,20000.0,-2.4379016909919495,-2.6059569639704105,-2.2698464180134885,50
mixture,kamh_tuned,26000.0,-2.4528325236762942,-2.631558213073728,-2.2741068342788604,50
mixture,kamh_tuned,32000.0,-2.4573481016564878,-2.6392292475936374,-2.275466955719338,50
mixture,kamh_tuned,38000.0,-2.457839550238726,-2.6438850010690182,-2.271794099408434,50
mixture,kamh_tuned,44000.0,-2.4627114659858504,-2.6487076920904995,-2.2767152398812014,50
mixture,kamh_tuned,50000.0,-2.4641481683697943,-2.651178568066297,-2.2771177686732917,50
mixture,kamh_tuned,56000.0,-2.4663992775889794,-2.655890841979852,-2.276907713198107,50
mixture,kamh_tuned,62000.0,-2.470571718583413,-2.663045821781133,-2.278097615385693,50
anisotropic,midas_eta0.25,2000.0,-1.5163195147960946,-1.5789263317618432,-1.453712697830346,50
anisotropic,midas_eta0.25,8000.0,-2.0247770769066635,-2.1420094519404675,-1.9075447018728593,50
anisotropic,midas_eta0.25,14000.0,-2.2412103194466018,-2.3813865783284154,-2.101034060564788,50
anisotropic,midas_eta0.25,20000.0,-2.3557867667382713,-2.494252708523664,-2.2173208249528784,50
anisotropic,midas_eta0.25,26000.0,-2.460612910403871,-2.6084508863628937,-2.3127749344448487,50
anisotropic,midas_eta0.25,32000.0,-2.5244108493886284,-2.678149670789925,-2.370672027987332,50
anisotropic,midas_eta0.25,38000.0,-2.579918592226316,-2.7393162862541196,-2.4205208981985127,50
anisotropic,midas_eta0.25,44000.0,-2.629195699272339,-2.7853234440323664,-2.4730679545123113,50
anisotropic,midas_eta0.25,50000.0,-2.678790052379615,-2.8408852039157493,-2.516694900843481,50
anisotropic,midas_eta0.25,56000.0,-2.671786663834417,-2.845619909524988,-2.4979534181438465,50
anisotropic,midas_eta0.25,62000.0,-2.7062813064664426,-2.88459623765839,-2.527966375274495,50
anisotropic,midas_eta0.5,2000.0,-1.5163195147960946,-1.5789263317618432,-1.453712697830346,50
anisotropic,midas_eta0.5,8000.0,-2.052923577132322,-2.1721461371941175,-1.9337010170705269,50
anisotropic,midas_eta0.5,14000.0,-2.293574565614019,-2.4425283522695245,-2.144620778958514,50
anisotropic,midas_eta0.5,20000.0,-2.4130249606375482,-2.5865849231758204,-2.239464998099276,50
anisotropic,midas_eta0.5,26000.0,-2.4874654878392777,-2.673672950001548,-2.3012580256770074,50
anisotropic,midas_eta0.5,32000.0,-2.5732782943665984,-2.774125111367961,-2.372431477365236,50
anisotropic,midas_eta0.5,38000.0,-2.6128559893440997,-2.8162933298939317,-2.4094186487942677,50
anisotropic,midas_eta0.5,44000.0,-2.62968706994451,-2.8467597664173323,-2.4126143734716874,50
anisotropic,midas_eta0.5,50000.0,-2.692236500290696,-2.9146366113338984,-2.4698363892474933,50
anisotropic,midas_eta0.5,56000.0,-2.7296290802539303,-2.950426597839502,-2.5088315626683584,50
anisotropic,midas_eta0.5,62000.0,-2.755169417987666,-2.977303701709644,-2.5330351342656874,50
anisotropic,midas_eta0.75,2000.0,-1.5163195147960946,-1.5789263317618432,-1.453712697830346,50
anisotropic,midas_eta0.75,8000.0,-1.9271417875494745,-2.0588667199732775,-1.7954168551256715,50
anisotropic,midas_eta0.75,14000.0,-2.0882605943720356,-2.2292240294365584,-1.947297159307513,50
anisotropic,midas_eta0.75,20000.0,-2.1712034534241926,-2.326551383935883,-2.0158555229125024,50
anisotropic,midas_eta0.75,26000.0,-2.2216928780375804,-2.3864714709680666,-2.0569142851070943,50
anisotropic,midas_eta0.75,32000.0,-2.3152853151650996,-2.4917420014477107,-2.1388286288824885,50
anisotropic,midas_eta0.75,38000.0,-2.3969690162753663,-2.5778557183084136,-2.216082314242319,50
anisotropic,midas_eta0.75,44000.0,-2.474942411932606,-2.6584981626053064,-2.291386661259905,50
anisotropic,midas_eta0.75,50000.0,-2.525011237653077,-2.715241132050937,-2.3347813432552167,50
anisotropic,midas_eta0.75,56000.0,-2.570377192480282,-2.7617711433282346,-2.3789832416323295,50
anisotropic,midas_eta0.75,62000.0,-2.621466365926051,-2.8142179463614965,-2.4287147854906057,50
anisotropic,midas_eta1,2000.0,-1.5163195147960946,-1.5789263317618432,-1.453712697830346,50
anisotropic,midas_eta1,8000.0,-1.868082110829229,-1.9911310890424585,-1.7450331326159993,50
anisotropic,midas_eta1,14000.0,-2.0102505330100415,-2.150879621281692,-1.8696214447383912,50
anisotropic,midas_eta1,20000.0,-2.0990833056590756,-2.259961514439021,-1.9382050968791302,50
anisotropic,midas_eta1,26000.0,-2.1713486910972297,-2.349150103052262,-1.9935472791421975,50
anisotropic,midas_eta1,32000.0,-2.261556228695893,-2.457805827231393,-2.065306630160393,50
anisotropic,midas_eta1,38000.0,-2.3356844783578614,-2.542506196458214,-2.1288627602575088,50
anisotropic,midas_eta1,44000.0,-2.369225240551632,-2.576417194980659,-2.1620332861226053,50
anisotropic,midas_eta1,50000.0,-2.430026450856269,-2.6405442381635127,-2.2195086635490253,50
anisotropic,midas_eta1,56000.0,-2.4765212565963513,-2.692707759586424,-2.2603347536062786,50
anisotropic,midas_eta1,62000.0,-2.5253113923925157,-2.7499682519262105,-2.300654532858821,50
anisotropic,ais,6000.0,-1.3987364061010592,-1.453954819561444,-1.3435179926406744,50
anisotropic,ais,12000.0,-1.3831601678456562,-1.4370209281763189,-1.3292994075149935,50
anisotropic,ais,18000.0,-1.375227541359606,-1.4222422723877313,-1.3282128103314808,50
anisotropic,ais,24000.0,-1.4072574093758405,-1.4640832985842842,-1.3504315201673969,50
anisotropic,ais,30000.0,-1.4519899791160333,-1.5127116177914801,-1.3912683404405866,50
anisotropic,ais,36000.0,-1.509732900433722,-1.563728506637579,-1.4557372942298652,50
anisotropic,ais,42000.0,-1.483323527971966,-1.5518800641593207,-1.4147669917846115,50
anisotropic,ais,48000.0,-1.4789405200093804,-1.5445449102487558,-1.413336129770005,50
anisotropic,ais,54000.0,-1.531320013900401,-1.5985618684741505,-1.4640781593266516,50
anisotropic,ais,60000.0,-1.5898491993625066,-1.6551746947139176,-1.5245237040110955,50
anisotropic,kamh,2000.0,-1.4490305918012876,-1.5412418007724493,-1.3568193828301258,50
anisotropic,kamh,8000.0,-1.6115901453617667,-1.7012111689279286,-1.5219691217956048,50
anisotropic,kamh,14000.0,-1.6785021712526387,-1.7650402702086345,-1.5919640722966428,50
anisotropic,kamh,20000.0,-1.7243171943542384,-1.815690461036814,-1.6329439276716626,50
anisotropic,kamh,26000.0,-1.7637204362042607,-1.8570675937478205,-1.6703732786607008,50
anisotropic,kamh,32000.0,-1.7793091206992406,-1.8728142879200285,-1.6858039534784528,50
anisotropic,kamh,38000.0,-1.799497836354267,-1.8950100128144414,-1.7039856598940928,50
anisotropic,kamh,44000.0,-1.8205870560012718,-1.9180551188262942,-1.7231189931762494,50
anisotropic,kamh,50000.0,-1.8442720913080775,-1.9441133002456195,-1.7444308823705355,50
anisotropic,kamh,56000.0,-1.8639520196023376,-1.96614439224831,-1.7617596469563652,50
anisotropic,kamh,62000.0,-1.877821130340949,-1.9806365915236013,-1.775005669158297,50
anisotropic,ais_tuned,6000.0,-1.345606615484961,-1.3989725965769981,-1.292240634392924,50
anisotropic,ais_tuned,12000.0,-1.45366018535118,-1.5088619717904481,-1.3984583989119117,50
anisotropic,ais_tuned,18000.0,-1.6435442905957591,-1.7144643227305851,-1.5726242584609331,50
anisotropic,ais_tuned,24000.0,-1.7466698292977236,-1.8256826920290343,-1.667656966566413,50
anisotropic,ais_tuned,30000.0,-1.898526424746133,-1.9949622833473428,-1.8020905661449234,50
anisotropic,ais_tuned,36000.0,-1.8740310175517352,-1.9725223260623832,-1.7755397090410872,50
anisotropic,ais_tuned,42000.0,-1.9907109312105726,-2.078165263849166,-1.9032565985719792,50
anisotropic,ais_tuned,48000.0,-1.9995863617687715,-2.0720597335492013,-1.9271129899883417,50
anisotropic,ais_tuned,54000.0,-2.0406186054505495,-2.124010918347256,-1.9572262925538428,50
anisotropic,ais_tuned,60000.0,-2.089914680833485,-2.1710666865610624,-2.0087626751059076,50
anisotropic,kamh_tuned,2000.0,-1.194677932062196,-1.3473793731245112,-1.041976490999881,50
anisotropic,kamh_tuned,8000.0,-2.2608556171590717,-2.3924250432286875,-2.129286191089456,50
anisotropic,kamh_tuned,14000.0,-2.50485862167971,-2.6478934834441117,-2.3618237599153082,50
anisotropic,kamh_tuned,20000.0,-2.5446484190050023,-2.700831264339366,-2.3884655736706386,50
anisotropic,kamh_tuned,26000.0,-2.5602475315054596,-2.7231061061866297,-2.3973889568242894,50
anisotropic,kamh_tuned,32000.0,-2.577256311572873,-2.7482226243524632,-2.406289998793283,50
anisotropic,kamh_tuned,38000.0,-2.58527072471512,-2.7656336483639943,-2.4049078010662455,50
anisotropic,kamh_tuned,44000.0,-2.5950924004102736,-2.7835876998200217,-2.4065971010005254,50
anisotropic,kamh_tuned,50000.0,-2.6023072982801114,-2.792464556370493,-2.41215004018973,50
anisotropic,kamh_tuned,56000.0,-2.6006760714734,-2.792890643506811,-2.4084614994399893,50
anisotropic,kamh_tuned,62000.0,-2.599863951306283,-2.7926914478186218,-2.4070364547939445,50
bayreg,midas_eta0.25,2000.0,0.747313043478261,0.7427923831310563,0.7518337038254657,50
bayreg,midas_eta0.25,8000.0,0.7707,0.7688363869773778,0.7725636130226223,50
bayreg,midas_eta0.25,14000.0,0.7720086956521739,0.7706151638935957,0.773402227410752,50
bayreg,midas_eta0.25,20000.0,0.7727913043478262,0.7716470285352148,0.7739355801604375,50
bayreg,midas_eta0.25,26000.0,0.7726739130434781,0.771608469532589,0.7737393565543672,50
bayreg,midas_eta0.25,32000.0,0.7729260869565218,0.7720202970410392,0.7738318768720043,50
bayreg,midas_eta0.25,38000.0,0.7727913043478261,0.7717989899278391,0.773783618767813,50
bayreg,midas_eta0.25,44000.0,0.7730826086956523,0.7721392025016481,0.7740260148896564,50
bayreg,midas_eta0.25,50000.0,0.7729565217391304,0.7720822586030838,0.7738307848751771,50
bayreg,midas_eta0.25,56000.0,0.7731391304347823,0.7723123881871723,0.7739658726823924,50
bayreg,midas_eta0.25,62000.0,0.7732304347826089,0.7723636875816491,0.7740971819835687,50
bayreg,midas_eta0.5,2000.0,0.7460362318840578,0.7398844443403696,0.7521880194277459,30
bayreg,midas_eta0.5,8000.0,0.7603333333333334,0.7555005321750051,0.7651661344916617,30
bayreg,midas_eta0.5,14000.0,0.7645144927536232,0.7603756978355592,0.7686532876716871,30
bayreg,midas_eta0.5,20000.0,0.7674130434782609,0.7635741855103062,0.7712519014462156,30
bayreg,midas_eta0.5,26000.0,0.7681739130434783,0.7645415431877459,0.7718062828992106,30
bayreg,midas_eta0.5,32000.0,0.7691739130434783,0.7661855292935699,0.7721622967933867,30
bayreg,midas_eta0.5,38000.0,0.768913043478261,0.7658730518689876,0.7719530350875343,30
bayreg,midas_eta0.5,44000.0,0.7692753623188406,0.7662674305733529,0.7722832940643284,30
bayreg,midas_eta0.5,50000.0,0.7685797101449278,0.7657697594978077,0.7713896607920478,30
bayreg,midas_eta0.5,56000.0,0.7702391304347828,0.7676362488649303,0.7728420120046352,30
bayreg,midas_eta0.5,62000.0,0.7703188405797102,0.7677949935789549,0.7728426875804656,30
bayreg,midas_eta0.75,2000.0,0.7460362318840578,0.7398844443403696,0.7521880194277459,30
bayreg,midas_eta0.75,8000.0,0.7578260869565218,0.7534406024721554,0.7622115714408881,30
bayreg,midas_eta0.75,14000.0,0.7589710144927537,0.7543916381580619,0.7635503908274456,30
bayreg,midas_eta0.75,20000.0,0.7628405797101451,0.7588227833985903,0.7668583760216998,30
bayreg,midas_eta0.75,26000.0,0.7625289855072465,0.7583006933891291,0.7667572776253638,30
bayreg,midas_eta0.75,32000.0,0.7626811594202898,0.7582280971597871,0.7671342216807925,30
bayreg,midas_eta0.75,38000.0,0.7628188405797103,0.7582887750593036,0.767348906100117,30
bayreg,midas_eta0.75,44000.0,0.7642826086956522,0.7598013765550299,0.7687638408362746,30
bayreg,midas_eta0.75,50000.0,0.7647681159420291,0.7604248055466832,0.769111426337375,30
bayreg,midas_eta0.75,56000.0,0.7663188405797104,0.7627376675532807,0.7699000136061402,30
bayreg,midas_eta0.75,62000.0,0.7674420289855074,0.7638613159929798,0.771022741978035,30
bayreg,midas_eta1,2000.0,0.7460362318840578,0.7398844443403696,0.7521880194277459,30
bayreg,midas_eta1,8000.0,0.7549782608695653,0.749711186270215,0.7602453354689156,30
bayreg,midas_eta1,14000.0,0.7580724637681161,0.7536250485501355,0.7625198789860967,30
bayreg,midas_eta1,20000.0,0.7599275362318841,0.7554719744049532,0.7643830980588151,30
bayreg,midas_eta1,26000.0,0.7605144927536234,0.7562021825336663,0.7648268029735804,30
bayreg,midas_eta1,32000.0,0.7622246376811594,0.7577682421271777,0.7666810332351411,30
bayreg,midas_eta1,38000.0,0.7620652173913045,0.7575719032967173,0.7665585314858917,30
bayreg,midas_eta1,44000.0,0.7627971014492754,0.7581122211722016,0.7674819817263492,30
bayreg,midas_eta1,50000.0,0.7627028985507246,0.7581979215756955,0.7672078755257536,30
bayreg,midas_eta1,56000.0,0.76418115942029,0.759903809349944,0.768458509490636,30
bayreg,midas_eta1,62000.0,0.7642753623188407,0.7599662226485442,0.7685845019891373,30
bayreg,ais,6000.0,0.744478260869565,0.735381071589496,0.7535754501496341,30
bayreg,ais,12000.0,0.7387971014492754,0.7298955091793162,0.7476986937192345,30
bayreg,ais,18000.0,0.7517173913043478,0.7473341171654453,0.7561006654432503,30
bayreg,ais,24000.0,0.7540362318840581,0.7486897598429992,0.759382703925117,30
bayreg,ais,30000.0,0.7572246376811596,0.753574789379398,0.7608744859829211,30
bayreg,ais,36000.0,0.7583405797101448,0.755137287051852,0.7615438723684376,30
bayreg,ais,42000.0,0.7637608695652174,0.7619765224876055,0.7655452166428293,30
bayreg,ais,48000.0,0.762536231884058,0.7595707514343627,0.7655017123337532,30
bayreg,ais,54000.0,0.7637028985507247,0.7609382117205412,0.7664675853809082,30
bayreg,ais,60000.0,0.7656304347826084,0.7633342195190126,0.7679266500462042,30
bayreg,kamh,2000.0,0.7651666666666668,0.7610296838577756,0.769303649475558,30
bayreg,kamh,8000.0,0.7712318840579709,0.7699985262161202,0.7724652418998217,30
bayreg,kamh,14000.0,0.7720652173913044,0.7710058023970585,0.7731246323855503,30
bayreg,kamh,20000.0,0.7725072463768117,0.7715172403382181,0.7734972524154052,30
bayreg,kamh,26000.0,0.7729492753623186,0.7721090014665725,0.7737895492580648,30
bayreg,kamh,32000.0,0.7730507246376812,0.7722246869235363,0.7738767623518261,30
bayreg,kamh,38000.0,0.7733333333333334,0.7724866883118933,0.7741799783547736,30
bayreg,kamh,44000.0,0.7733623188405795,0.7724388103297104,0.7742858273514486,30
bayreg,kamh,50000.0,0.7733768115942029,0.7725183332583703,0.7742352899300355,30
bayreg,kamh,56000.0,0.773449275362319,0.7726678344164313,0.7742307163082067,30
bayreg,kamh,62000.0,0.7736666666666668,0.7728925291584297,0.774440804174904,30
bayreg,ais_tuned,6000.0,0.7598985507246375,0.7560266658251583,0.7637704356241167,30
bayreg,ais_tuned,12000.0,0.7662028985507249,0.7643197229071369,0.7680860741943129,30
bayreg,ais_tuned,18000.0,0.7682246376811593,0.766001349055101,0.7704479263072177,30
bayreg,ais_tuned,24000.0,0.77,0.7680706630525417,0.7719293369474584,30
bayreg,ais_tuned,30000.0,0.7705942028985507,0.7685853669528497,0.7726030388442517,30
bayreg,ais_tuned,36000.0,0.7709275362318841,0.769391786288766,0.7724632861750023,30
bayreg,ais_tuned,42000.0,0.7711231884057971,0.7699592589032553,0.7722871179083388,30
bayreg,ais_tuned,48000.0,0.7715507246376813,0.770380050331884,0.7727213989434786,30
bayreg,ais_tuned,54000.0,0.7711739130434783,0.7693677394206033,0.7729800866663532,30
bayreg,ais_tuned,60000.0,0.7710869565217393,0.7694577234342733,0.7727161896092053,30
bayreg,kamh_tuned,2000.0,0.7785652173913046,0.7771240108455757,0.7800064239370335,30
bayreg,kamh_tuned,8000.0,0.7752971014492752,0.7744544512747659,0.7761397516237846,30
bayreg,kamh_tuned,14000.0,0.7747101449275363,0.7742050767169403,0.7752152131381324,30
bayreg,kamh_tuned,20000.0,0.774463768115942,0.7739694311387307,0.7749581050931532,30
bayreg,kamh_tuned,26000.0,0.774659420289855,0.7741910700252591,0.7751277705544509,30
bayreg,kamh_tuned,32000.0,0.7745,0.7740189807106582,0.7749810192893417,30
bayreg,kamh_tuned,38000.0,0.7745797101449275,0.7741280304735795,0.7750313898162756,30
bayreg,kamh_tuned,44000.0,0.7747028985507246,0.7743236577626721,0.7750821393387771,30
bayreg,kamh_tuned,50000.0,0.7747826086956522,0.774393014164704,0.7751722032266004,30
bayreg,kamh_tuned,56000.0,0.7747971014492754,0.7743660135080053,0.7752281893905455,30
bayreg,kamh_tuned,62000.0,0.7747681159420291,0.7743444714994026,0.7751917603846556,30
